No,Name,Address,Mobile Phone,Project,Email
1,Princy Odom,Street 1 New Lane,789456120,Client,princy@text.com
2,Appy Alexa,Ac Street,568798821,Client,appy@text.com
3,Luna Knox,PO.BOX 12-Loren Park,,,luna@text.com
4,Clark Andrews,PO.BOX 156-Settle Road,123545342,Client,clark@text.com
5,Riley Drew,PO.BOX 16-Thames Street,789821211,intenal,riley@text.com
6,August Bork,PO.BOX 17-Thames Street,125921931,Internal,aug@text.com
7,Riley Drew,PO.BOX 16-Thames Street,789821211,Internal,riley@text.com
8,XYS,Street 12 New Way,00000000,,
9,Erica Flint,Street 7 New Lane Road,789456128,Internal,erica@text.com
